# PGMM-CANONICAL-1 executable instance (kind;name;value)
spec;profileId;ocl2cypher-canonical
spec;schemaVersion;7.4
scope;keyDelimiter;::
nodeType;Object;Object
nodeType;UmlClass;UmlClass
nodeType;AttributeValue;AttributeValue
nodeType;NestedCollectionValue;NestedCollectionValue
relationshipType;ObjectInstanceOf;ObjectInstanceOf
relationshipType;InstanceOf;InstanceOf
relationshipType;ObjectHasAttribute;ObjectHasAttribute
relationshipType;AssociateWith;AssociateWith
relationshipType;Aggregates;Aggregates
relationshipType;ComposeOf;ComposeOf
relationshipType;LinkAssociateWith;LinkAssociateWith
relationshipType;LinkAggregates;LinkAggregates
relationshipType;LinkComposeOf;LinkComposeOf
relationshipType;AssociationClassSourceParticipant;AssociationClassSourceParticipant
relationshipType;AssociationClassTargetParticipant;AssociationClassTargetParticipant
relationshipType;HasNestedCollectionValue;HasNestedCollectionValue
relationshipType;LinkPrefix;Link
property;modelKey;STRING
property;use_id;STRING
property;objectKey;STRING
property;classKey;STRING
property;attributeKey;STRING
property;value;STRING
property;sourceQualifier::i;STRING
property;targetQualifier::i;STRING
property;sourceQualifierCount;STRING
property;targetQualifierCount;STRING
property;associationKind;STRING
key;modelScoped;true
codec;bottomToken;v1|V
accessor;context;CONTEXT
accessor;allInstances;ALL_INSTANCES
accessor;directType;DIRECT_TYPE
accessor;conformance;CONFORMANCE
accessor;attribute;ATTRIBUTE
accessor;navigation;NAVIGATION
accessor;objectIdentity;OBJECT_IDENTITY
wf;modelIsolation;OCL
